{
    "effect": [
        {
            "name": "scale",
            "viewport": [0, 0, 360, 640],
            "vertexShader": "resource1/copy.vsh",
            "vUniforms": [],
            "fragmentShader": "resource1/copy.fsh",
            "fUniforms": [
                {
                    "name": "inputImageTexture1",
                    "type": 100
                }
            ]
        },
        {
            "name": "skin",
            "viewport": [0, 0, 360, 640],
            "inputEffect": ["scale"],
            "vertexShader": "resource1/copy.vsh",
            "vUniforms": [],
            "fragmentShader": "resource1/skin_detect.fsh",
            "fUniforms": [
                {
                    "name": "inputImageTexture1",
                    "type": 1000,
                    "inputEffectIndex": 0
                }
            ]
        },
        {
            "name": "blur1",
            "viewport": [0, 0, 360, 640],
            "inputEffect": ["scale", "skin"],
            "vertexShader": "resource1/blur.vsh",
            "vUniforms": [
                {
                    "name": "texelWidthOffset",
                    "type": 3,
                    "data": [0.0075]
                },
                {
                    "name": "texelHeightOffset",
                    "type": 3,
                    "data": [0.0]
                }
            ],
            "fragmentShader": "resource1/blur.fsh",
            "fUniforms": [
                {
                    "name": "inputImageTexture1",
                    "type": 1000,
                    "inputEffectIndex": 0
                },
                {
                    "name": "inputImageTexture2",
                    "type": 1000,
                    "inputEffectIndex": 1
                },
                {
                    "name": "distanceNormalizationFactor",
                    "type": 3,
                    "data": [2.746]
                }
            ]
        },
        {
            "name": "blur2",
            "viewport": [0, 0, 360, 640],
            "inputEffect": ["blur1", "skin"],
            "vertexShader": "resource1/blur.vsh",
            "vUniforms": [
                {
                    "name": "texelWidthOffset",
                    "type": 3,
                    "data": [0.0]
                },
                {
                    "name": "texelHeightOffset",
                    "type": 3,
                    "data": [0.00422]
                }
            ],
            "fragmentShader": "resource1/blur.fsh",
            "fUniforms": [
                {
                    "name": "inputImageTexture1",
                    "type": 1000,
                    "inputEffectIndex": 0
                },
                {
                    "name": "inputImageTexture2",
                    "type": 1000,
                    "inputEffectIndex": 1
                },
                {
                    "name": "distanceNormalizationFactor",
                    "type": 3,
                    "data": [2.746]
                }
            ]
        },
        {
            "name": "smooth",
            "inputEffect": ["blur2", "skin"],
            "vertexShader": "resource1/copy.vsh",
            "vUniforms": [],
            "fragmentShader": "resource1/smooth.fsh",
            "fUniforms": [
                {
                    "name": "inputImageTexture1",
                    "type": 100
                },
                {
                    "name": "inputImageTexture2",
                    "type": 1000,
                    "inputEffectIndex": 0
                },
                {
                    "name": "inputImageTexture3",
                    "type": 1000,
                    "inputEffectIndex": 1
                },
                {
                    "name": "smoothIntensity",
                    "type": 3,
                    "data": [0.0]
                }
            ]
        }
    ],
    "version": 1.1
}