{
    "effect": [
               {
               "name": "SoulScale",
               "vertexShader": "resource1/vshader.vsh",
               "vUniforms": [],
               "fragmentShader": "resource1/fshader.fsh",
               "fUniforms": [
                             {
                             "name": "mixturePercent",
                             "type": 3,
                             "data": [
                                      0.411498,
                                      0.340743,
                                      0.283781,
                                      0.237625,
                                      0.199993,
                                      0.169133,
                                      0.143688,
                                      0.122599,
                                      0.037117,
                                      0.028870,
                                      0.022595,
                                      0.017788,
                                      0.010000,
                                      0.010000,
                                      0.010000,
                                      0.010000
                                      ]
                             },
                             {
                             "name": "scalePercent",
                             "type": 3,
                             "data": [
                                      1.084553,
                                      1.173257,
                                      1.266176,
                                      1.363377,
                                      1.464923,
                                      1.570877,
                                      1.681300,
                                      1.796254,
                                      1.915799,
                                      2.039995,
                                      2.168901,
                                      2.302574,
                                      2.302574,
                                      2.302574,
                                      2.302574,
                                      2.302574
                                      ]
                             },
                             {
                             "name": "inputImageTexture",
                             "type": 100
                             },
                             {
                             "name": "inputImageTexture2",
                             "type": 100
                             }
                             ]
               }
               ],
    "version": 1.1
}

